Location,Month,Num
DEU,2020-01,-0.3136364
DEU,2020-02,-0.466
DEU,2020-03,-0.5413637
DEU,2020-04,-0.4495
DEU,2020-05,-0.5165
DEU,2020-06,-0.4342857
DEU,2020-07,-0.5230435
DEU,2020-08,-0.5233333
DEU,2020-09,-0.5240909
DEU,2020-10,-0.6072727
DEU,2020-11,-0.6147619
DEU,2020-12,-0.6185