Location,Month,Num
CAN,2020-01,1.492273
CAN,2020-02,1.294737
CAN,2020-03,0.8190909
CAN,2020-04,0.6571429
CAN,2020-05,0.551
CAN,2020-06,0.5613636
CAN,2020-07,0.5163636
CAN,2020-08,0.5635
CAN,2020-09,0.5595238
CAN,2020-10,0.6028572
CAN,2020-11,0.6885
CAN,2020-12,0.7309524